@timestamp,event_type,hostname,user,parent_process,process_name,command_line,is_encoded,sender,recipient,attachment_name,attachment_flagged,event_id,task_name,task_command
2026-07-20T00:30:00,process_creation,WORKSTATION-026,jsmith,explorer.exe,chrome.exe,chrome.exe,False,,,,,,,
2026-07-20T00:44:00,process_creation,WORKSTATION-007,mchen,cmd.exe,ping.exe,ping.exe,False,,,,,,,
2026-07-20T00:57:00,process_creation,WORKSTATION-014,jsmith,cmd.exe,ping.exe,ping.exe,False,,,,,,,
2026-07-20T01:12:00,process_creation,WORKSTATION-027,jsmith,explorer.exe,outlook.exe,outlook.exe,False,,,,,,,
2026-07-20T01:37:00,process_creation,WORKSTATION-036,rpatel,explorer.exe,notepad.exe,notepad.exe,False,,,,,,,
2026-07-20T01:50:00,process_creation,WORKSTATION-008,agupta,cmd.exe,ping.exe,ping.exe,False,,,,,,,
2026-07-20T02:03:00,process_creation,WORKSTATION-038,rpatel,cmd.exe,ping.exe,ping.exe,False,,,,,,,
2026-07-20T02:16:00,process_creation,WORKSTATION-003,agupta,explorer.exe,chrome.exe,chrome.exe,False,,,,,,,
2026-07-20T02:44:00,process_creation,WORKSTATION-010,jsmith,explorer.exe,outlook.exe,outlook.exe,False,,,,,,,
2026-07-20T03:13:00,process_creation,WORKSTATION-044,agupta,cmd.exe,ping.exe,ping.exe,False,,,,,,,
2026-07-20T03:29:00,process_creation,WORKSTATION-037,agupta,cmd.exe,ping.exe,ping.exe,False,,,,,,,
2026-07-20T04:02:00,process_creation,WORKSTATION-036,jsmith,explorer.exe,notepad.exe,notepad.exe,False,,,,,,,
2026-07-20T04:15:00,process_creation,WORKSTATION-014,rpatel,cmd.exe,ping.exe,ping.exe,False,,,,,,,
2026-07-20T04:59:00,process_creation,WORKSTATION-050,mchen,explorer.exe,outlook.exe,outlook.exe,False,,,,,,,
2026-07-20T05:38:00,process_creation,WORKSTATION-030,mchen,cmd.exe,ping.exe,ping.exe,False,,,,,,,
2026-07-20T06:07:00,process_creation,WORKSTATION-012,agupta,explorer.exe,chrome.exe,chrome.exe,False,,,,,,,
2026-07-20T06:22:00,process_creation,WORKSTATION-020,rpatel,cmd.exe,ping.exe,ping.exe,False,,,,,,,
2026-07-20T06:53:00,process_creation,WORKSTATION-019,jsmith,explorer.exe,outlook.exe,outlook.exe,False,,,,,,,
2026-07-20T07:10:00,process_creation,WORKSTATION-027,agupta,cmd.exe,ping.exe,ping.exe,False,,,,,,,
2026-07-20T07:41:00,process_creation,WORKSTATION-032,rpatel,explorer.exe,chrome.exe,chrome.exe,False,,,,,,,
2026-07-20T07:53:00,process_creation,WORKSTATION-049,mchen,explorer.exe,notepad.exe,notepad.exe,False,,,,,,,
2026-07-20T08:24:00,process_creation,WORKSTATION-039,rpatel,services.exe,svchost.exe,svchost.exe,False,,,,,,,
2026-07-20T08:34:00,email_received,WORKSTATION-010,kwilliams,,,,,attacker@phishing-domain.example,kwilliams@corp.example,Q3_Financial_Summary.xlsm,True,,,
2026-07-20T08:49:00,process_creation,WORKSTATION-010,kwilliams,excel.exe,powershell.exe,powershell.exe -NoProfile -WindowStyle Hidden -EncodedCommand SQBFAFgA...,True,,,,,,,
2026-07-20T09:03:00,process_creation,WORKSTATION-006,mchen,explorer.exe,notepad.exe,notepad.exe,False,,,,,,,
2026-07-20T09:04:00,scheduled_task_creation,WORKSTATION-010,SYSTEM,,,,,,,,,4698.0,Windows Defender Update Check,C:\Windows\System32\powershell.exe -NoProfile -Enc SQBFAFgA...
2026-07-20T09:43:00,process_creation,WORKSTATION-004,mchen,explorer.exe,notepad.exe,notepad.exe,False,,,,,,,
2026-07-20T10:21:00,process_creation,WORKSTATION-046,rpatel,services.exe,svchost.exe,svchost.exe,False,,,,,,,
2026-07-20T10:53:00,process_creation,WORKSTATION-030,mchen,explorer.exe,notepad.exe,notepad.exe,False,,,,,,,
2026-07-20T11:13:00,process_creation,WORKSTATION-008,rpatel,cmd.exe,ping.exe,ping.exe,False,,,,,,,
2026-07-20T11:26:00,process_creation,WORKSTATION-050,mchen,explorer.exe,chrome.exe,chrome.exe,False,,,,,,,
2026-07-20T11:44:00,process_creation,WORKSTATION-026,rpatel,explorer.exe,chrome.exe,chrome.exe,False,,,,,,,
2026-07-20T12:25:00,process_creation,WORKSTATION-011,rpatel,explorer.exe,notepad.exe,notepad.exe,False,,,,,,,
2026-07-20T13:00:00,process_creation,WORKSTATION-018,agupta,cmd.exe,ping.exe,ping.exe,False,,,,,,,
2026-07-20T13:37:00,process_creation,WORKSTATION-018,rpatel,cmd.exe,ping.exe,ping.exe,False,,,,,,,
2026-07-20T14:09:00,process_creation,WORKSTATION-015,agupta,explorer.exe,outlook.exe,outlook.exe,False,,,,,,,
2026-07-20T14:24:00,process_creation,WORKSTATION-010,agupta,explorer.exe,chrome.exe,chrome.exe,False,,,,,,,
2026-07-20T14:48:00,process_creation,WORKSTATION-032,agupta,explorer.exe,notepad.exe,notepad.exe,False,,,,,,,
2026-07-20T15:14:00,process_creation,WORKSTATION-001,agupta,services.exe,svchost.exe,svchost.exe,False,,,,,,,
2026-07-20T15:50:00,process_creation,WORKSTATION-024,mchen,cmd.exe,ping.exe,ping.exe,False,,,,,,,
2026-07-20T16:08:00,process_creation,WORKSTATION-040,jsmith,cmd.exe,ping.exe,ping.exe,False,,,,,,,
2026-07-20T16:47:00,process_creation,WORKSTATION-026,rpatel,cmd.exe,ping.exe,ping.exe,False,,,,,,,
2026-07-20T17:22:00,process_creation,WORKSTATION-007,rpatel,explorer.exe,outlook.exe,outlook.exe,False,,,,,,,
2026-07-20T17:57:00,process_creation,WORKSTATION-013,jsmith,explorer.exe,notepad.exe,notepad.exe,False,,,,,,,
2026-07-20T18:20:00,process_creation,WORKSTATION-011,jsmith,explorer.exe,outlook.exe,outlook.exe,False,,,,,,,
2026-07-20T18:51:00,process_creation,WORKSTATION-004,jsmith,cmd.exe,ping.exe,ping.exe,False,,,,,,,
2026-07-20T19:01:00,process_creation,WORKSTATION-010,jsmith,cmd.exe,ping.exe,ping.exe,False,,,,,,,
2026-07-20T19:34:00,process_creation,WORKSTATION-002,jsmith,cmd.exe,ping.exe,ping.exe,False,,,,,,,
2026-07-20T19:57:00,process_creation,WORKSTATION-025,agupta,cmd.exe,ping.exe,ping.exe,False,,,,,,,
2026-07-20T20:23:00,process_creation,WORKSTATION-039,mchen,services.exe,svchost.exe,svchost.exe,False,,,,,,,
2026-07-20T21:03:00,process_creation,WORKSTATION-008,rpatel,explorer.exe,notepad.exe,notepad.exe,False,,,,,,,
2026-07-20T21:42:00,process_creation,WORKSTATION-031,mchen,explorer.exe,outlook.exe,outlook.exe,False,,,,,,,
2026-07-20T21:57:00,process_creation,WORKSTATION-007,mchen,explorer.exe,chrome.exe,chrome.exe,False,,,,,,,
2026-07-20T22:23:00,process_creation,WORKSTATION-045,agupta,explorer.exe,outlook.exe,outlook.exe,False,,,,,,,
2026-07-20T23:06:00,process_creation,WORKSTATION-014,mchen,explorer.exe,notepad.exe,notepad.exe,False,,,,,,,
2026-07-20T23:25:00,process_creation,WORKSTATION-002,mchen,cmd.exe,ping.exe,ping.exe,False,,,,,,,
2026-07-20T23:40:00,process_creation,WORKSTATION-034,mchen,services.exe,svchost.exe,svchost.exe,False,,,,,,,
2026-07-21T00:00:00,process_creation,WORKSTATION-050,agupta,services.exe,svchost.exe,svchost.exe,False,,,,,,,
2026-07-21T00:44:00,process_creation,WORKSTATION-050,mchen,cmd.exe,ping.exe,ping.exe,False,,,,,,,
2026-07-21T01:08:00,process_creation,WORKSTATION-049,agupta,cmd.exe,ping.exe,ping.exe,False,,,,,,,
2026-07-21T01:33:00,process_creation,WORKSTATION-048,agupta,explorer.exe,outlook.exe,outlook.exe,False,,,,,,,
2026-07-21T01:55:00,process_creation,WORKSTATION-032,mchen,cmd.exe,ping.exe,ping.exe,False,,,,,,,
2026-07-21T02:06:00,process_creation,WORKSTATION-018,rpatel,explorer.exe,notepad.exe,notepad.exe,False,,,,,,,
